id,label
1a86ec7919ed270b0d63d803f6632a0b3645975a,1
1154d1696e1dbd7a26aa45a8e0de7ba11ca4ae59,1
84ce6b6dd97d305b9707ae130825819f8aeef03e,1
ee81981abfa01e660f8731c29c10767a6ab00cbd,1
1d6c4adba843f5ef08351065d06b175ef821f273,0
dc89b369b505106e10c6c9302c49172d862c0dc7,1
4951b649cc4af5db8742ae3d46ba127fd0b29574,1
9480aadc93dc052f8f54548b36b60821baa5354d,1
8bc373830b8cc5a8154efedde97cb49b6605a57a,1
7eac2d566024f8c99599bbbad09ab73b8bd678ee,0
3dd313b6c74a587c232496851d9563f90659e221,1
070e5cd45a4b4535842badbb2366aab42f3eef62,0
dc25791f02da32d1de5be334216024b9843c0cf4,1
743017fd851708cd830fd3f727d10dd21bbe7815,1
31f2cc5f76f0e60a5770e1c9def0784e68a3839b,1
c557c7da1146bc1415a020f90772dd915df1587b,1
458c5aa1fc217c08be8d3dbd7336b5c6b1c5b2dc,0
a5497b3fdf32407f93901469115b787d33d2bf0a,1
3a8e96ec16b1a38d79155398044bb67a745ba6e4,1
8dbb43c77db380f0bad7e9173133ed0211a6e3dd,0
40a1713f28a9b16650a0ade4727263aefc385568,1
95cefc0f4ee449cd10c156c1a7306ca332cbced7,0
8996b3c4fc48262d03b51fa8467f115e979120a6,0
a16e16822f5fd4df985b5abe9563fab806cf18c5,1
7f1faabf6923ca22f9cb6a220b12229a74afa583,0
8cfe13ee876f2e3f1bac3e48293e688349dba37f,0
01c605bf8c5b069ae053b0c66d67de1d4d7e001f,0
ba7a8c6a84531766c5c50cbcf7e5e2f72f789b08,1
6140b43451d8505c8fbfe6308e4d15c9c79ba4bb,1
aeb3418f9fc15c1fc4861fb5a70057443f057d18,1
2fa5d6e125869d7ab4aa5bf4912e39a874ddee11,0
1b39227b7f144defa0dee78dc58ba5058618ff88,0
8acdb5485611bf3dc23f0cb6d317f199b8540d36,1
da8fc7107196db3b00530069057f4e9d342e5cb6,0
cc4ada2b4f515ec63e8fcc9f01065d6a453a4760,0
801ca2da6527730b1c6ce5917996e33748afc577,0
94e001a065434e9e4b0d5aece1026610568fd2f1,1
360fe0c1bad0a44a2a5ab976c2832c0a615fb90c,1
bc768733cd5c59408c2a7de335fc029b9773c923,1
058cc1064eef4e019696f722ac0a77458a3421b2,0
7dc7480cc9d18278a92ac9c7b7324af67b27fd86,0
4369ff82cd742ba4f18388d9a4ea5d9d09bce93c,0
ff0da1b6d6cc49ef66e61ddb1677ec74e128d1f9,0
b987f85e421ff4cb0d5826f5cc99197fc8a00d2d,1
3500651debd88a9de5b505df0c4173b18e004022,0
f3dafef8b80b207185b6e1e4b95679ae8fc1f052,0
72efd6017e79a500e5fc7f03547d0dbf3225ba34,1
8bec96634da60065f6bbf39604e3cf0d2a57184a,1
f95416ed7dd02f31fa77793af2dc43bc8f9fd91c,0
c84f35a9bcc8b33642e923b8ab940a3d37a2fda1,1
65267fd33350b9f1810c2fafaafbdbc9fc7be8d0,1
ec3349086b03097eaf0dfd722af2de92392126cb,1
fd46e483aca49129e0fde20486053fa59bdc5294,0
ef669551ae749279329a879132c088d056bed103,1
9a33521a72ed8fb1f04c18584e0a962dbea647f9,0
b4c31b0b47df20d0d763688ff48cae38918d0241,0
8934b2cd05be774a0a9b208f99fc64f5c087954c,1
962a992ccb1a4dc4563741297bf76ca79401ebcf,0
add53c19457fec73eb05603ea4b50c269fcc8e1f,0
39de11f2263722d517543337bd75e7c57ce24cdf,1
29badac58315e7f18769488186f83617b856691b,0
9dffe56b14d6d2592917d3eae905bf1a8fb4d41c,0
a69d632da2c4c198e35e1f2a6c8001970c1443a4,1
7d861b476dcc79f52e065b35a81a04b2aecd442c,0
0b31156efec21e674a8ae37def3b4becef735edd,1
fa6af4248adcbbb9cf510147b2aa1108b294bf71,1
b103d028d38794424461ca77e76bb4b979f847fe,1
40c0df390b13af968ffe2bb0e64111beedeaa1a3,1
6b2afdfd3c4c281ee64cef9cd84c083cca97cf4a,0
fc3e85a1166d55e07bcad7c07a69661c5d66e5c0,1
b7e2bc77f2cf29ab75243fb49834ccdafbce5a7c,0
cd295b6d6b2c8c2fb9a9be9fa6e2d642f61fa3b0,0
4136ddfeae5ea1c9a51dbf823c4f90bd0181acc7,1
fa445c510f190fde926e0d0511c099809db87795,1
d7705f79dfa4db4b252ca227bf39e4b07cecb4a0,0
5380f9b0f86100ffec650bc5cbf1605154f9bfc4,0
254e4a5d071249d1645e9c12c3c026d1f67de1e0,1
37a3a7d33e814853fda588da04c9ac657f661984,0
8862c61de698cb29cde45b493150ce888a5aedc6,1
2f1dfe143e90ae695c4e5536b5c18be929d30804,0
b3b7f2962ead3d520edfd840ac540cbae7923e78,1
9ca5362b54ccab23d1e03b8607b49a974476adff,0
9d43fd2dd0709623850ca2efdc55e136b45e99a2,0
0e16e9222350112b877e82b8a3094e6505a86a9e,0
edc0d46182bae8850f87075799d3366271d86d58,0
e65398aad2154e921f2430d659d29db37e3213c3,1
73ab437e0d615dd1adfc777715a1d5a1c3bde0fa,1
718ffb3c7c3c7347ec7dc6aec50a555620effdf9,1
72c4bd5afb3a0639723cecf86cc5be5a69a21ccc,1
704222ed7f84d837384e8e54ddc15f5c356b855c,0
48754e8f1ea6e01badd043b50212d2be714c86d4,0
c7041596a428d5d59f6a3de0ef83be604357b173,0
52dbe3b6fd3af6deb516e53bea87e98f8bd741d2,1
1c3294e69c4b409dec275cf5e41c4f3f52437504,0
b5f83a512a509eb1bf7066f1ed1bcf0a9d674b74,1
3623c89f2b5a67beadb5280c1d2efb27f28fa233,0
faefee4b8f865a21c1b8f03dcccd88de44f4aff9,1
36f45e55bbc2bf9b7434ae2d877f3cdd4bb9e537,0
e9b0f0e7eca8e88c1485a88148c1c6bd8de73fdf,0
422c079c41a37ee12f18c3ef5afa993d711895ff,1
7d3d817a4bca5cd24b19e6dd7c32aef3464ceebd,1
3b0418f11283d1f8bdf1080a091c05b8d733c8bb,0
dd4698d03119eb57a740b7c6512cb9d6fc5fa073,1
ecb58472616b3295ee1e1e2208326d9ae8324847,0
a1c5683bf628f1362c6c7888e7ed502f6f64d33f,1
d98035230bfd4553a9f1a15e2d6f3cc8025184cb,1
54bfdb0f1ce2d760112f795afe845fdad7496ce4,1
db24a0b08e62c7795874b839bd8e1feb981a1c27,1
6091da2499a8f5488660ea454ebfb7db51d0dd03,0
3508e9438db8c2bab9e8ad337e6130c5a0cec956,1
1fdbb2275665b412df687002d427633c08b91bde,1
7887b7778705069d22c937fa288218346a5c847d,1
1902f75a47655add1d04d06e612475cbbe0f7812,1
000af35befdd9ab2e24fac80fb6508dfd1edd172,1
b44eca78a48cdf0f0438530fdd2dc339ca34eed2,0
7408c47303cd8ebc7d628f98f375b0fada51e8af,0
c22ed4df55b2de3aa3a17f4aa9abab8208529817,0
31ca038d8eaef2c8b16ef0ddad555076f37cad85,1
cade83d713ac752152815168eee53e920590b608,1
e3d32896b783bba1cd7449640cb5c3d7a749d7a3,0
4a463469cf2773e2d374af4183bb51a5746f420f,1
9c55f0e697d22b98873f4c0386f308756625347a,0
f327fb03713c43fb8b4fd502a2b363f4712b5d65,1
285d25ee11fbb5373363c69b3993102dc0e4190c,0
cb45b6d45fd3e806aa8f03f668d76b64bff05248,0
b2957fbabe67f749c1d57792607e8f88b622195a,1
5e789dec51d65256bfe29e800891943bfaffc431,1
9cd8ddac4d3354fb594f3ce0fb82cdc85ae1c5e0,0
03ab32e57962657c8796052500c1c0ec7a774220,1
46bb598f2aefd97556165d7da59951a19450668d,1
8098278226dd347cd2f63f7f5eff04043302ac02,1
a0276e560d3ec106cf354cec039b9aa573da1fd2,1
26648bfe7aaec6f99ef25992d2ce46d5e9aa9940,0
6d93ae327ec2054c886a3fe7c0d41f7cf2d54fc1,1
ba917bcca63cd053cfa5f22ab6adda3837996bc7,1
caaa5f298171334f0acc5ee12959e722564a4e30,0
06c2ded9c35ca55d406095128cf83cb7b330ef00,0
3f961590feeda91113bc52fb73c8eb134f07a032,0
743fb83587358b07f9ce208a71d129194c701c88,0
6ce096188696971a2b4ea6e13eb0a8e20d483c64,0
947d3715ccf3460bee66b7484914674605548c0e,0
9b35f71881c711607d8a7b77c395f13b8c60d6d2,0
1f10e72ef4f7d23ce72166d8b6129739fe381ab4,1
384e944f64abb9843471079808e2485b3382c3a1,0
28b8a6b5b5f28f0963cc7ca5ebe396310bc917d3,1
fd73437e483442eb86ac33a9c69a1128de0b6515,1
4439f1773ce0b2dd8b4c0ddba94d53ade75d6084,1
208d7b4bb89f67b8962bdf3cd02369f98f5357f9,0
af698df171c101ed05128aff4099e3f87f1ba2fb,1
ce218efe1614566b352af8ec9623b2389315ace1,0
6230dd612829678b821113e9f888dd2f69219bd4,1
9df761b61517be59e185bddc3b1d38e524d4e248,0
50a6c9a5aa89508c5b92fc5f505b00642f114edc,1
842ad10ebd6632441cd35205a7a14d1337aa7e17,0
8c639217c18d7d98869aa86399e2d78687203ccf,1
0153c8a280c34e8277103597c017bbb6a71da87b,0
e15db1da9aa0e82841e8ff85d7bc6f27e88c1316,0
b28204cc9bb3c0963e808d73fc99e86a79919335,1
14795ed2e697b5f51b6f5d00553b09500b118de9,0
b89855e577fce23feb51d0506bf094dc69f76d50,1
34fbd06df783a973c543a9740ccac9b511d68d21,1
4acb4eb9bdf2f906550d2a8e4fd9993c80f35ed0,1
41166bf4de6210b3e4a00f5e64836f654ce2c69f,1
26f6d4e204fa337cd2dbd86ccb82e04469246769,1
5ad6ef8d3f2c71882fd469bf4b2edcc969ccfdb0,1
7d324f4345c2ace02b0d884251210cdaae5043b7,1
b90d2de3fc433afb35ce2056f36ed2720e513376,0
e12c04e52ca74cc5dfad235f81c16a618cb435f7,1
8e83d25c31702bd93fe713d7098bf8d8885cf0e9,0
458aa61913a1b81dde43398cdd93fed2eed3e054,0
8a688746b1f299e62c542e478941aabb9af3f83e,0
93bda6a6e89229c81fdb25badb2871332c214587,0
9241e899dbfc24e54374ec223fb7664e7c2dae6b,0
c9d3dfacecf43ed4ffef6060759e012711a99741,1
4f95e44bffa6f5d52db8f79153809d882bff8335,0
240bdc529ebec15910506018cd10c8f1f313f4f0,0
74322ee1c07db3353e6df7c6f841b9ea75bb5c9e,0
a1287911af9b5ef46a9b0bea5c1000e2b44ae82c,0
54ce85801be97bf55fad99ddd29bbb0cdc3acd9c,1
d457f81698deac80163777af2cf97e757cdd9dda,1
7a904a52eea16bd68cc8e93a4f501b2da7562a3f,0
0d084ba9e0e454adcda043f5945e04eea8de2ada,1
0f5f4f22617fc086b6ac688b18b64cd49c5130b5,0
81bb8a4b6815ad39af3851271d545d4c1dd68475,1
b304d20b4384247a1388944e5d168219740fcf9c,1
8a3d1e3c9cea98ac842961fa476a6bac6f79d4db,0
f04790615c89e92e8d73c990df4cac1311e26321,0
0ae92e7bf60242c790d56b226f6745c05e9036b4,0
fea2f2506a6d84dd3971404bed3cef8e4e8e9a4c,1
70fec4342c6999b8d69ea8dae8c6cd9ac85c1a55,1
5d8057b040dd6bb6e86ab2031b443156a3e19dd7,1
5c55514b050e3e34905ee8695b596cae697ab95f,1
e6b9a30781f7a3e282bfe443f67c497389839774,1
3cb2e70658f14bafe064eacd6ca4cfb01e63d610,0
0e8d37df38d129f7f6d77009f823e9466ad51a97,0
d64f51ede163bddeae813a0eecc066de80ec31e9,0
ad5f8350740da73baa13dd2a5343faeb0df77738,0
2b81c3795ddf58a6a3a659a7456739bde494caba,0
87d0673eaa21a2debf6b9d966ab34b00c8aa84a4,1
dedb22f0b4e9ece27ae7edccac0ceae2f4bdb586,0
ff783c17dd941c3a4a53e89251f43a05b6718eca,0
03178e4a972c19bed731fad561d0f5be5ce11d5f,1
1eab8a3363c7d96b8d9302fadf9a30c3a3bfc74b,1
70222d6f4abc7543ee15b52c2571d084a7fec139,1
37adf1da9d0b1722dfae3bef920c1c32cd322deb,1
1b1826d3611d3dee8a3e4f23fade831fbc929b3c,1
2f944219a65fa7a7210ced8977ae67075dc5ee1b,0
9eb85ad476130979f5d7dca1e301aa4d584d029d,1
f62150e23600e3f65359c754eca7e01cac95d208,0
41dbd4f566969b40e5edf7baa105448461d0de47,1
424131aae56f1acbb7a99931977f5a54e61ea634,0
29674726d8a81e5583f9263fb926acf36a2c21fd,0
768279a32ec0f99ceda37bb22d1977754886e713,1
4347b7e2797fdb5a3a4640801c648113fc29f7f8,1
568b762922f6714474210530fb2b41fa1e87c625,1
7541ccb120271b668f0aaa0f1df55e61b57d29be,0
493c830532c64c7ff782d5aa9fdd1395ae613d68,1
7815d8817d6c1815190f6ffcbb2682226cb83656,0
f70c963cf607e8c7e275d86600c02b474760964a,1
5e40bc0f11ea0a89ab14f154655b6c9004ba00a5,1
a96009f5c94e79f56907155a948e0edaaaedeb0a,0
b53ea045d693a2ae3a09e5314175d3b7bb98db10,1
f337b76dde665bc1f9a9b647bcc0d5488357fd13,1
fe21078bf8bd8ee2b83f0fdf84f8267d6eea72dc,0
b7d1047945419c3b9e3f7a9e4e67e2c2afc57e78,1
64cfb56ddf41e2a871ac5164d61e50b238b9ed1b,0
e4f8d76538209a8436de6d1993c571f336bc4a1f,1
d8b7dfb9181e6bac81b731ae44981690d4e7572f,0
5379939752bd68261b87bfd43500c2402d3a54d2,1
ea15b805d645071b6c31f720f0aae5b421fc7066,1
5d0f048f47396a8bf2522f22d440d09ce190d516,0
cb4545ff54865654f27e0f7d6c2fe9c59d9969ce,1
82a50a1cc77e47e444fa37a9122687152efae7f4,0
a2ea3215f0424cec76ae6eea477f4cf58affc411,1
d9ba5b2c643534e9376e1e7593783f9f7b8dd5d4,0
f0fb7f7200ea04b7000b413c58077396bb84232f,0
148fa0e557d3d9986b0fb4bfe11915e7962e6eae,0
ddfb46ab5fb059cbd58ccda74bf7723799a4f9f2,1
b03ca203136443f3e55904bc65e0535c5d6e9d23,0
293d6727292c7dad2ae582673d1ef87d2261db40,0
9464cf403653088420cdb78acacd8cf7fa2255e4,0
7157705c637092877292e9a4d21e4d67fe138500,0
d61442a5174ca7ba6c574f6ffa63dc74407843d5,1
94689816b32788df3732d948f2309d332f4caefa,1
d160cd7df257dab79c89adeef2a372ba4c1d152e,0
b2e15ed83f721ae3fb6c266f883cc82f8137ba7e,0
4fc9015cbff58a6f8b0a60517b5cf39101a26fe0,0
92eacd920b2e3a56fdb1f02a6b37c54dc9f840d1,0
816a8d3d5eb1249499c402d64a71968d32daa33e,0
16f2f8b35b5a76014c2c8d618dd19bee36e8a6b4,0
848b5c3c00888a9a1263982273216ae8bb59823f,0
a3dfa7cc2729e284f29ab201946268c20a682558,1
8b7b015774b3944c36c5017d349b616db036957e,1
1d305e051a06718df9794fd1d5cb97258dcc942c,1
59f481ebc4dea5c893c4d5a815c810c7cf05a0a3,0
56d3d5cc5caa55bd0587d0813c714913dac5d281,0
ffc5bd406db6713d198d175a1b2801c7fe131fa8,1
64754d0c8b28db412513572a2c1e371345a5dca2,1
d40b7cd16dceafaa23edb0c99657b42c4c048113,1
399e132f63c613e0c0cf9a8ddcf64fa42c0c6071,0
a9cd8215bf895cd1a1fc9158ca5232c3c4bf9cf0,1
8f1ba0dea20c7cafc44d946cbf48cbac49b27015,0
0bd1ad80db9d62f7ce82576df1e97b1ec72afb4a,0
d330699879b6e662723399e0822abb9b5504a108,0
182db1a666378eac6fb89ac301ca285cf0ae99f0,0
05552402b2fa2cf9f09c50eb3441e17a31b97b97,1
1722b34db81ce80a0b958690afe886bbf7a4e0da,1
094851ecf62a78c362d8b77378459b8c5a983963,0
e5d43f87bcf5af4f3254e0b44db4efd32fdd65f9,1
b77f2dca4ff6d8a67d32e3fe634164ac35c185ae,0
747a944d4094a865f8e6f695e48abea7f8fe4a9b,0
1955df1aa406ad9b1391d43feaadecbadaf008b7,0
aab85ca3235b961f7c8f9bd2d400083c9fc0d44d,1
8a35624132281d4b8dbb392152794b042ca3e637,0
e9b9ccd028ca30179c16b4efcc016318756f052b,1
633504daef86b64f4a97e7d176b25a6857dd644f,0
e8a10e753564bb30ceecb0c6638b878e1822024b,0
527e414659dffc263dafc578192000ed9996c528,1
239606d92dd1e51492f259896ea5bdbc82725afc,0
61728dd5517b45787b8e580782987357c5300aae,1
4990c09a1a1be377c059ec79c17757857de91bb8,1
a01a193a44499f5e358200f587796cebf1c09216,1
f798839e914cef4104b66a768b89e32d8a64506b,0
a78468db52f5a783de0cfe78309284d9b1fe9859,0
bef935ddbb4fcbbb7d966b893ebb175d098efbc4,0
7db20d8e8537cdf9edfbf9c72b3020bda22ab08d,1
515350cf2ef89b9bcac15cd1e6c5e845171d6ac7,0
b3c8520a82ef6eb15506ac921746e0677f21b68c,0
de71ac254737299a5f63d16f85390bc05a62c416,0
ba11e0c177b22fcc045374555d192b8e732be06a,1
0ff1590696b9c2c2f9bf33e0b6c6e114751aa042,1
7b6c997c4447b0c530721b5230b02c33ec2e4384,1
c4f9ad1baf7755d52b2c37448ea3773c8520ee7d,1
e5db5431ee9f59e3fd47b7baa52c31836a54b25d,0
40313eedc7e1ca202fc6405027d94385fe20fe43,0
ed4bf6b5286de00d06949a96e5ce008c68e3e1e7,0
84c36e0e0e5f288c9ea05aae627ace4f8eee572b,1
e21f736aade23bc1db362a22bdf3457269c9488b,0
fa302108e226a39e547d851744074bf88d2f17e7,0
2b7045851111b9c8ff33e56a08afb82ff8326087,0
7f7f2cdd5b6a02255af2a95c38f7c584509bed60,1
c0a7e89d054141693604d055c6efd8c87909a24e,0
86daef41b5634d69f941104d53faba72a501e464,0
c5eec8e3dc31298bb166e11d1565987720116a3c,0
afb4c6c661ce9e284b153ba1d5be1fe7a78c8b31,1
b82614b54a1417c803da3d32bac16d5b4b6274b9,1
0c861ab0b7346b1a6139f6eafd3408ee9ba43c2a,0
97fe33f8a6440c7da4136cc015e4a6cb547ffb6a,1
9f9322d5afaa969daa1fb0990bde218f49a3626f,1
c0002ebb04d03ee0ee511a18f79009c11ecc3a4a,1
4b16c35f19dea268523207843a98f94f3e3a33f4,1
863c5c0f5175309dd927d661c9d24f288230227d,1
5430b8bc901ce2b63213a3b6347ad7595f6172a9,1
2d084269f106ce9802410bca31f713976463523f,1
e4b6d5ac9ce024ed96c9fbf3b8cdf2f90f68ddd3,0
7459887ed195e43bb0192ca3032d20750d549d79,0
55626fb192c1a8edcb011b2f701a908ed29a05dd,0
90a0199f7b287d23eb0e21e16663d47f9ab1622b,0
d68da6b2772e7409aebbf01b4e4316a9dd9570b2,1
2adae1de86bcaa43d884121a71bc86b0472a7f12,0
bb0fd513952f00887dc0601c2041655f52fa634a,0
7d09d8a679472fc73c808bf872820198f4555254,0
8af200b7645025c6bb7974714c98e4d1df2ff0c6,0
f8ef68d709c5df96dea4ca9271aec4d9787e4286,1
a435b5ebbe9ea6358fc3f9482a9c420ef1df320e,1
0cbd8e3d2259f48435fa7eb7f6fb558f7a417c6b,1
61961d9a9682351e4cbedd0667136f6798562ae4,0
b4ff722d947f877aae116999cb6c78586f88d3bb,0
d78f8bbb4673a2fe2253794e431869de7847935d,1
de96478833acf1045a94769fcad51a8f8658d42d,0
c967176caa4af2f1e448a50854146839fd491d6f,1
e8a737aec7e51563a25f1ab4459544d6d97c60fa,0
119c34c4f4157dfe8fe960aa0eea9cc7b1fdf830,1
7be9cb0231451f84ca9aa4e2be832392affd8fbd,1
941ffe73059292e0effd4e81ca9363c117afc2f4,0
dccb762cf82a9c2c2ed4e712e213d70408271d4d,0
c64fe685b24cbe0a8323e3f50052a487d09bccde,1
bb4958bef0ae42e098ce7ab0ff5c81262b0a9db1,1
b2e417b080d9ace9b9c5699522065c5cf9a8cfd1,1
e213365b735cef9655858d9d99253751391349ec,1
e06aa3334fba9f7c36dee4aca4b579d2e0d10166,0
f67e14230e398e2ef9c53c024af9f73ca5f3c789,0
0cfcad9bad2600a708ab84f8e42f05e85b365af5,0
8946669e8c60179cee24fb7674a94a06362e7d73,0
637d06479a0a9655850956e9c5f132afef97754d,0
edea6f8a5f4dd5baf75b527fd16e0aacb1545786,0
bb5f2129794ffda6a1601ad55bf1b75400baeb62,1
31862fe6c11c03a2eff0e1e56305bcbab3fffea6,1
a09eb2f51706974517354dcc5e0f073a30e59bd7,0
2273a890d73558457656a5587a681dde6ed501dc,1
7357f568758f8d3324efcfe2ab9c2958f61b5e59,0
c82bf2d75598a30b80f30acd335d2e9742579621,0
2425056e3e01efaaa2861bf3f0ee3bbabb90a898,1
88e212b732ffbdc3641e9f5f3ab33dabbf0e5578,0
548b8701abda7b4d2b13b9b72b0bbe219d07ff35,0
79cda52efa6837aaeadee1a849cffb712c4c2b21,0
99b2e592647e08e65ec938105945255f15c69866,0
bb4274fade437f2497201a6b2803071a3131b41a,0
666f89f8e8638d92a8ca14c4c7be209081f560b4,0
78caa62081056a28f7442522a7c59ba04d8abba5,0
b73a98d27fb8b50873ff22d0ff1e6f1caac91dbc,0
ac451a49b1fc8765bfbe4def3382aabdc779786e,1
92ac9085e5a24b43863c2d7575982bde89b265bc,0
89e4a1f188991d68d2a2d1bc685e5736f8c75e22,0
b37b5aa9e155d6702f2aacdd12a38bacb13b6ff8,0
89e7e5bac2461e3de7f85c839c774790d19c4406,0
bdfdd3cd28500adc3ee0b1d22eb5c05e2d7c81d5,1
eb682e9931d06855b88c35d228b8d305898bfbd3,0
1ba55df0a86fbbeb16fe0f677d45f950900bb07b,0
f50f6d77f39c2377963cdacaed95fc12d0e7f3e3,1
c755f97bd9c8cad15a2d83a6c83cc8ed339d2382,0
dc6bb2c6b3d777ec50156b7706baa6bf305d4094,1
6f8bdcf1e80b7299cfafae1bfdb84299252c6f9d,0
34455d023780eb134972c8799dc0bbab40c1df7b,0
4546848a12fb86ef4d6eee8ebd70b9509f302d52,0
3b35fae2f2de696c60617b56ad6d69cceb885ca9,1
78ac50ca8ac6517a5ac7afa2224ef1509cb2932b,0
2ee619a359988ada5bbe6884359d5429c38c6949,0
a7414d9d32b2ebfede463a62231691c09a718301,1
b7d525adf8da7bed4d3175574a7b4b6f15cb5880,1
0e59dcfdaffc1753ba88fbac34a5a6947133d96a,0
400a2aafe0e25754e90976e26797fe1f33eac134,0
d1f19a2521ca6bfb2c37bddd308ad6429a1dbc70,1
6942994477c5895049b91d205d8027734f4378fb,0
fb61e75eb16ced49e22b41e122a032d30fd7508d,0
03d74717e79e9a2c3977bc4f609406c6b1363f01,1
a9f7f612736ebf2fb47cd83ce0c368d3a480aeb2,1
0d79f1f31c33d130ba0375652930a7d564a62aed,0
eb53a40f385c82547fc8f5677a42fdc1d7e4e7b5,1
5041b987dfd8152b20da85dd797d2adc6d9e1808,1
dd5b5d9be5d9161db555281a901f702ebd8b03ee,0
49a9a4edfcbbbecf69f8a037ee1c0c7d081569de,0
06b90b8bf185eb9164dda421977b88efed44fb82,1
8636be880710487c68dd658ebeb70441301bdc18,0
5ff07755c919bfe347b9fa89cfb47bee371cac79,1
ed3589c67cd64d72cfc03d007e03ab73894fe8c2,0
2fc16fac2ecfb2c8d2489de84f4041170ea77065,0
3578144ab1523acaab561b77d536a770e59a888c,0
578755b689567b210cb9a33600af6a39d70e7bed,1
30c724d1e15116a218002533e65f53802bba917f,1
37f7e0a1de34ac50aad0fdae8b51d74738e700d5,0
74bbd17e6a214df44e41787d1d53fbfc73a9587f,0
88ee9c09f8ae9769d83c804ed70545c1db1c8088,1
cc7b6d884c98f3a93aa6506a6402999f066988fc,1
1090e43d8573ede89e5f222e1a9198d36d5ff9db,1
a974bb17f272d09071ef00e11e151c51b025539a,1
751c20f83bd3c902bbcbc413b533ee719d1b4a95,1
beaec0330a88e7c76597cf631baf19a685947f32,0
0ff832ae0cbe30b59e71ed0689406d029371dd3b,0
c0ba274a7a277d0b907f47b286b602021b0e6bee,1
bdd34b6aed1ff9d429f4c817c7ecc775bfb018d5,1
ff59dde1d82217ace908fe6b4ab34c8e1a7fe8bf,1
d495aa26f4d396af28ca073b8bd0d913d65998b4,1
9c77ab46fd96eba38759b3651cd719c00f3bbcfd,0
3fa579965b25afde6211a35140ca0f954af6e7be,1
530bb3f36ab6a2bfd6b41e83e08ce486aec06465,1
6ca5bb0a12738d2a9c51cf132622c1796749cb00,1
f3fe403aee2b71d3e4469f19717e896bbcc2934e,1
95f5323e894c52a5d44a33dd3e96c8073758f771,1
ac2b480f7338a130d538e66262cf72ac9ed7f21b,0
c91d34e63587c94add0451f79fb428428e7033e9,0
e8670bf56fbd27320a9d00f9c3d130cb89bee215,1
fcdf822b28260b07448f5665ae8cb0247dcb61a6,0
9665c335fe7fa0ddf8624d354a8a194f216c8b0e,1
cc31411ffb24e46bbd1626f29cf822a66355de20,0
866418ca030606263a8ce0596aa45c7ea64e0ecc,0
5a1a6a7f98526f7479f794d9c7855d57703c516f,0
d9fb21c3175687b8bb5f02d464ecbb59cfe6dac5,0
56adb3eef9cc0d33058da441c3332e39d28a4794,1
e2a2fff05b0402b6c88e0150a3e99bd801e20419,0
60a6291515bbbdb64196f9aa70c60593c176286e,0
63f90f2607a3553a30f6b6fdf3b953e71e3d7ae7,0
51f2fbf6e3e7bf2529b86638d468a04cd1facc25,0
7bf798b1135205d45d628cf10d8229f2b24f0939,0
043ba444f3669f0ffe495cc0f26ffad792985d46,0
faddb977b1ee5d91fb12c1299f7df8b2fa04a5e0,0
ca6d68a0e1d2a09c853858a727e25c45f36ab219,0
841e9bbd20e43bf66ff2ff5ab92e1ab79fc5b59a,0
798ef7aede7315ecc13342ee3c858c046301f68d,1
a511e4bf53ae2985249871711ba6bdddc1209946,1
192044cf1b440e7c31ec828c04363c58c42d64ac,0
62ec49311030372eaa31a7f3c3095920e70ecadc,1
499505696e8b635fd7a7427e4f76a8eb5548b03b,1
ce9ad70c536374fc861bee7cf3418e35b3d5d6e9,1
52e9deae65aa49522b9a3d391e0b25dc8b9b2944,1
662d7baf56cd9e6848c11429ccb48c6279033a9a,1
fff29b4442ea6ac0a5c098a4f458467044ed21d7,1
6634dd2d3cfa1744dafab00f4fda3a12ed79daec,0
7eb222a19360aec161ef39bc2dadb2f2568cae05,1
7334d3ac28b82b1a07ceccd6059e18676c22251a,1
f681607d9551f658329758a8f8817effa3079f66,1
f5d5e0764c36c68890acd86ed23131a376ed2c5c,1
38df0613cd0e0937346429eb68397938615c2095,0
91896aa2b5caa66b0836974a59f299c38a7569ba,0
a60a2c710d05e720b4def8a0b6b4eec238882823,0
fe69a1973627dc66682d24470dd26723710ac365,1
88b77495b7e8e8856649c7506ea7169225cac867,1
db26793fafb2028bf16fade339dde5fa08227f7e,1
f161e6350b42ffdc83165e355eae0d785741bf99,0
0edc1eb139218af1b389d91a8b7af7eaf64b38a9,0
972e760872e973a3ef63c0b9cb94a42d166431fd,0
d7c41ad2dc86ac6fe4907ffdb35d5b1330cc37ac,0
09b7480e5563df72397c4531de352bb3c9eb38ec,1
d0acf96b799cfb5c5f7cc52b17d68e1d62cced14,1
aa6deb2ad1d3c2a4dda9da94adaa6abcf5808a30,0
28294f75566149d2c78033328bda398cdb934dd6,0
3d7858c3c12be5ff12ac16f54d3336ca19f6d87b,0
f4d613c52c5c3c785e05c6d3ab9e5e569ab1aae6,0
c58c14f8b2b74401e3a4ef7c8d77bebd3a236989,1
f3ac928c7a95e3ea04826c6d39af23b3b956ace3,0
fff4fbf5b7a8a944c4720d1f7bd094e5047e7e7d,0
8938f4cd25df2aaf35a3723ada2253f32eb84a81,0
30431d612d85bd9b0b2518eb2a1decb001527095,1
6b87c438043ed228c8cebfde259ccea9e34a0840,0
7478b07c45cad0b17ba6d4a5ec84cd139afa53af,0
ad639f2564c90d5a3e89d9e50151106c3069c90b,1
9f78ebc2cebb9ba2ab33a3904d7a833b263c7cad,1
ffb739dba3ce3a46d018c586f92e77db4457d0b9,1
fbb56636d346350a8591f38eb30087d57d7f9de0,1
dad9a2d9e6c97e6c21fc1b10cef6da49c8972abf,1
2c903d9d8fd98089e7c94bf4e0d0c1cdb640490b,1
579f55504d56b64075886b25f22109989cfe1e45,0
b85163bb4a94befb417319977b3df2f712759e3c,0
269143f1d980cabc2331ba65d24ed3036ac3e43f,0
d612167b8be7ec551f74f4644168bb1d3e8b3ba3,1
4b70256312501f4c76572cdd300fc88fda008f3b,0
e2cde9e457117ca4f8d8dbc33311b4227a82582d,0
66fa89e5f111a9b27e4be39dd80f625198438fec,0
36f64448a7eb1310b48c5d26e6b28c411a1936fc,0
388a52c26e60a852df201ef31a8cde3a944de095,0
773867184ca567fddcaf61cc365b529bf848ec9f,1
526c77f0a4dd16ef4973556d37653007abdbd205,1
bf20505e8ec57a81595386a21f8d3f44f46afcdd,1
66f0b37c2469817f3212fef4490ce8048d1ab70b,0
911f483643f641764ae6d27c89021ac0458e2467,0
ca5c66881a0a45ff05b3acbaac5b87571e1227b7,0
94ff4f5ce322722db7b93492e702637d0c3aa87f,0
9c14358c5658f23bc1a56c1d7ebfbf82fe01c6e1,0
c3a48a9801d7b7a52f1451007dbee52b4b745a85,1
41de314293d62c83c5a874fdaad8b1c3349af1a1,1
5fb6d3d0696be0172499ad68450779bf311e84d2,1
63067e7e22eacb8ca818408940ff61ffc0e77b03,0
2cf0f1a6a0b72c9f7e432030b77b9927631cef56,0
3f0a776fadd01dce3ba22303e29817342462cb5f,1
0cf167b3f39ccc5e6bd39437ee327aadffdfefca,1
18a2bb35e1a75647ebbf08e76899a79238c3b130,1
058fc98ff6439f35693841f085bbbad9ba8671e5,1
637a907eff3c5e8a0b2164b03dd95f588ab56a09,0
520434550a839d6a3d7a5fd024d985a9dd679523,1
567ac57ebacd9eeada97a9248095efe58d07b510,1
9a16e4c76b2b5e84da3fb65f916972b8ee5a999b,0
e012a9f6faafae3cfeb4d2bc30062b05ff36db80,1
4386b8fa0cffbcb6aa1fd0bfc2297a329c7a1fb3,0
ceca46fa4ca912d071f4647d77719f1f3e34520e,0
169f7be45b22ad10c8eabcc9739337eba0a524fb,0
7531a191398c975897003cf84a5f0d73a34d36b2,1
cd4687a90a7d3e8ce5baebcde417c36dfb82808a,0
fcfba05b61b969f90347df607b8a3ce81eff70f3,0
a495099d83eb3864929c1780c909b348132e3948,1
b758d2fc385e6694f02053f4ac6dab295bf5b731,0
547b2b899a86783429851c92e591cc9ea9c59900,0
03e690d84f422b803ef7bd0d743383150c391133,1
8bdc3f4fd2d0b2965b05c88a0182a4cc29f27c22,1
0a6a7b37afebca9f4ce0182be2a061d22d8a788c,0
2cd24f73b80ac23a45d585db7014cbc9c08387cd,0
f1d80a48200ee928c4c1ff7f36422453b08cc5d0,1
f4042a794974c9f6e5185a5c2cb7332398fe9328,1
026a90867029b4d9aa500a0a8db303d58345a9ad,0
2c5b6f068f69b6c668673ccb3d9f00760ff1d9a2,1
23dd4348450ddaccbc2509eb5276ed6bb60b163d,0
33ba31edc476b1bcaa4923d78598666018f4be22,1
7a32823b2759dd07486ec9f44d8eeeb1105de4f1,0
3aeeebb4b939944d74f9a7d135019a949dbcacda,1
20ba789e0918ffa908ac2d7f599e9771e5f28a45,0
64844dc3c480f880f7b155728652aa780b7a3375,1
0da82f507f9690a9183f2a94f2e6fc08805c5631,0
a4c266bec6608661a3ad08103c9a91b922e29d36,0
beccf6569c2ff0da34080a61b7490bfbea30b880,0
351daa75d1974d83dbf66c8913417fb7148f1094,1
94f414e5ff12a174e929b065502570229f51cb90,0
0eadb8b30c403c8ee5b6f8aec0feaa5b20915101,0
f79c5126d0c0fe3b7fdf53e3fe1195a2e723e242,0
e66af4b5379323ee39d924532110f375b60cbf4f,0
bb2dc2295df4c677b1d06af9384178bedca4ec41,0
cf607b7e9dd7c553ffd9840e10eb7f5defa7b6b9,0
d0e8c21cc54346abfcffc49215022edf7a1354b3,1
2a3e4eeec59f547bf44391c9adc9a8a5f2fcfe02,1
0ca581b80579590aab911d4df50e129f1323ecfb,1
78e876af7c32a5c0476ca01594e125872ba7e84b,1
a5901b41cb361b8bdb4cfcfd33f076418842dff2,0
7dca1b13c2035e4be5a974e1dc124709ca0a787f,0
b33d131a5ec1e9324af9e59be3d08daa08f1d01e,0
17a864afc8f7147a3d604608519ba47397983786,1
44133ca5b1d087e61d9e77711ac6c462aa923574,0
57f3cfe7bb00f07d329b30323b6e1793b520f185,1
0abb0ab939677011d23a24fafaff8522cd8c4252,1
7cf6860269d490430be35f7ba3aad9de486afc6d,0
948e7e1c3daf88671600a7704bedde19546b9d80,0
d78ff9e8227829ccf729a07812dd75c9d5ba43fd,0
5571668bed7d38fecc8185212a34a16d3ac806cf,0
63b9748d333597114141263f75fe426a29f9155e,0
e213b5b5a5f8145fc746c219ac712e3f121194b2,1
1a2c35b3991b998c686bb8042a86377304808488,1
78ff8390abc666614186aaa36791af27267800f7,1
bcfd4c2b86bab734d9e46d30c5f6bba13b08c2bd,0
a3e865e697bd227e0b922c46a95cddd5cba21ba3,0
946f7fcfbb3070e168db283be946f2b418bb8daf,1
087a3a7274ff1abbe7334066383da7c991175f29,0
561051b155dd2021f1d80b8decd040bde6064b1d,0
7886a77297b1df2c20d1701c7cb93652d5adf220,1
a8ffb6bd3255a420007e22b97b66c7427c13acf3,0
30b0a1463f1b794e0d338405671c14077e37d72f,0
8482e463d0536f8704f5a2a7aa3eb06beb22317a,1
43f48441942f9872db2407315286c7e2d086e715,0
c8c61a85795add6e3f720b203bdd61d2ec32d22e,0
8dafee81686f0eb70f3ad8ca1e29d99c0085eee1,1
2fa52f5998200c276e30143247579d4f28776dbb,0
ef8ecba25889e8a5dcfd4aa5a8fc6e10dcd9e41a,0
317edf0f8ca58b3db10837ee8756eab2362c1d67,0
2c54fdc1c263c0f0b980c029da6d00ffbdf98947,1
0728059ebfb12b84bee0bb6e3f767cb8f415ee5e,0
67f494037200a066f8753ad7eca105cb16d32681,0
b0d4889931033989e28f4d7e86177724c40046f4,1
6a0b11d0ccf1d4c3110a22a52eaa570762eb07aa,1
db5870bd6121fe2ce8e29bbc02ee490d3d2ca3fd,1
bf42ac76820b9c005ac9cd6574cc9923936d18c1,0
31234755b94e3e4ac916b8ce2242b5719c8ba403,1
1b8ef06091994419d7a5e06e4e2a2bec66ae904b,1
a97fc41cd4fd2cd0fb9948c8af4799ce4990ef22,0
fa0872ee246865125fbcf057dabbbaeafd271881,0
6cf5737419f1039908d5a573cf3a968e51721e27,0
b2ea93b4581009eb51bde70830e1a717a8c8e4d9,1
412e5de9f663e50b709b825149f967b1e3ed90cc,1
35eceb5861354cb7b2527b813ec3553a8749c724,1
a9cfcc53eada2352a7b09c78893cdb6728a6ed8d,1
4730c1964e4a76b9bf8171cf9e373ef064953772,0
403cb502b5fb60e364d99598326d9a6ea92a2334,0
fa2c77e1707c2fe7b0016e00736fb6e4b7f09488,1
9afb11c0e90dc8fc17bb57cc14d35e10ca797319,1
49dde3a0e7a47c238fa3090fdb9337f8d60180bf,1
a34a14356771427eb2a7f7f536265b70a555646c,0
f2b827a6b42358dc0e322c1c04e00aa7747e6693,0
f6ee1ec2a9f990c84fe762588bf4f68c1b221820,0
941815bf86183e71082a592834bcbd266813cd56,0
b6ddc70b091716e5ee4f3c985b4aec86d46b2dfc,1
840906a474247c6cc61f22115fb1e8c428b7c05d,1
86b3e88c38f6d949b677da2d66e6e452a6b3b505,0
bf10a733afd33e75262d42bd58af431a27000dcb,0
a27ca5689134736c6ea3e4e556df70f13d3743e1,1
b9c9f399bafb2c6db2f5e78079750076eb1ad7e7,1
a56e63ad038a5130d9e8ab32ebc26f1bbbd47311,0
f38919b8f9df663d8529a64fa421be702e820f04,0
9941b7a6d87503a9143f092ab9279857fd1d6ad9,1
ea3983fa9d20496d38b6e0d64c1451f754286849,1
184a8213b80d5fb9b9d2a4ef002edda1c60dc069,1
d617939818c96e539dd299ea86dddd64080f592b,1
a895806ebc16cdff95d438282cff7597c618ec4d,1
1e4ba3e4be937c1a155238566d1353fe973d7b57,1
dac3e10745b396d0c28460a0593a6e4a6d5e0295,1
364904aff5735c123317346656e1b5e9a365fde1,0
f9ae75193d50b16887e1c5ab836f39808699f924,1
f25b9092968377665a4932042866a28bb669a10b,0
bb67a5f91126e067742d67e9c641f345a0902bb0,1
13cab70955bb17ba69030386ec61798a50bb21a3,0
3c977c29351e9732997d1440f85c0dd32e534ae0,0
1db64552500415ad19f9faded7f2b69a47158432,1
5ada043192ee22db3636685fccbc580be23ea759,0
fd036cbaf1a9d04015a37110550f83e4783fb20d,1
a527f46955de1c7aa96f7e5b7b1d6a727d6c97d7,1
1f11c1dadbfef05ed65841eeabd40b39644e17f6,1
f08bf8529f52e8676c657d650bb4bd0c73060543,1
81702b5a2317ad9fbdb869bb9f827f4c19ae491e,0
aecb0c73dcfccb0f968d17c971268456489aa8c5,0
499f1e3714c17b7ae8d43a05a8a14681dba3b05d,1
11104d9d18f4d89d91498fe0ef13d47b7fdda039,1
4de4214fe8cd0859a3b06c005850936a9514013f,0
a6e39cb25958b12a87a4da9ace76e74b5188fc6c,0
4750459fb15df6bd41cef98014939538f53b6ece,1
e4a77e782497f8f58b2066f3b7a97f5fcd38482b,0
0200ffeb1555344b9225b7792469d42a5b094c71,1
ed0f0ee39c5b240122efc868ad408dc6fda805f8,0
c2701b507646a7a537e73a5121712fa24f38d4f2,0
89c193fb805966b05a47458a9c073ab7d8dfd78d,0
b58b8c1d6e6f93a0d8bdc910d22513783005f556,1
7b35f12926c9b89b904678519449e98ee2628a14,0
e0aa276c89e19f61ba43d31d6eafed10e42ad44a,0
66b8ae94c16dc827c8af09153ce2f881ef438ddc,1
a4cf64216f7672b19b459d1be175c898ec214661,1
da9420dedf7fd149c320ba2093ce33645e51f7f3,1
fb634979e824f142e0d7ae0530d8d23154a03942,1
2a3fb7aec88b8b7f3c303a0c6d154406c4eaf02d,0
51a3ec619f2bdc04d19881d4592c74075b013ade,1
fbd728f5728c664f744bf702133e79c844a5f726,1
3a1b1d0b0a99d80be8918a366372d2b5adedb0c3,1
d7c4a89c1f8baf5539e1561630869913d877791d,1
38966b2f68e972c21c4c4c2fe06bba8126b60b0f,1
14068ef09fd4e34e09c6dc1ec569d1954ae29c48,1
ab1040689be3100fb84424b5af9042198be93ce4,1
5d88a84b1001fe008645303028466d8330047c27,0
529e8521f15331e5dd48abbe6db027351300c5ab,1
79a1f0abbfc6d078f51ad22a357fc940bc5454b9,0
e0df73ec83468dac7e0efe4f10362f8bc880af4d,1
7984646cdaca0d7977310d20f9bed6151881be9d,1
3867839f04960e2c4b3038bf30b7e09ae1bf92e9,1
2b204a35696224e1e4885967f80e4807ec470c36,0
f6e3ccd1de798e15c932e7a55e07b5acf0e9b965,0
65693c15c4b2457868a499d1c38cd460bf35c61e,1
b6aaf9c5415dd9444e70ff79ade9183e55e2a191,0
ed67e867f74b2370c44822e94cc45baed5a82026,0
c617b5bc6c323c8a5ec45d1081341867cabd90ac,0
123de0f7fac9781651087938354149879d98c302,1
53e018969ad17958a08556b1e827b2d32b337cc9,1
5657d87ef42306bdbcab4607d6e682d494d8ac7e,1
8e9c7f8beeb90ca1a6bd8c47ea160ecb6d3048e0,1
cea95a72c3186f3607f64b797adca343e13294b0,0
ad256f4cfa95b744a6a3e51d64701f6ad5a48a1c,0
a5010fa3e28c8dd23c3dfb19bf61cc9ccdf844c8,0
a8b3009353710771ae8410b3dbf12b2a5bf6e70b,0
a75fb96c5cfd975ab91044d2f24346873489ff16,1
3d891231f2b573514906f97396891978c2b73dd5,0
57e109678f5a453e69ffdade65719845586c2edb,1
02e192833cbcdfd80059200f90d470d79e399496,1
4968a566ddcd42a467c95939b75d3b2f45e93e45,1
8e0eb50ad12cf7f7e428dc5c8b556d58135649a7,0
5d72dbd2dedc22db117df17cba2263219181bc6c,1
8a70adde27f27c6347c3c5bd50219f18af3796fa,0
c286f15cffa5ff24d0cf3bce47f431828c5d6fa6,0
1abdfb30fa8eca4ce9066d569a29b7967accae8d,1
fa485412be16f10e20f67897fe27c10858e53a0d,0
ec22f9661d1ab0b27713697c8027f0f584d758ed,0
de6bfd1946dd42ade517c8b620f5ad82f0c34a5a,1
3a8ad4b821561ca94f9d1f8c6a6edaf5bb4dac7c,1
ea3a57c5ae798de7a6be8394acc4cd35e0ad8d32,1
60b0707415e72827716a9b8ee2138e21c91b66f1,1
e3a19cb2525115a8feca7bc49073affbbc1ef9be,1
b712cc2eaa5222ecd1964ed1034d785c7ff47da4,0
8b0bbc0470d00e18984886c83300930116dbf0f0,1
ac6fe4954c227690504299ab6db36499ceeebe01,0
021422207bc47aca25f2510cd184464b5cff7a09,0
c22386b1aeb08358d2fb2901253b0d52983165f5,0
9a5455fa9519018fbf89a146786147ac10f2e88a,1
12b6f69a2d8dcddcac243061d8e902f066a1db31,1
979324eba8f5e11bc2e153185c3d0abd68730f80,1
3f19b0f723233c26b24b8a2a0161964db32f44a2,1
fb44baf943b3cfd1acca7da5eae0d57ae1b385ca,1
421ee76669b5c8f0fff5be7c1bf4ad0c4d532f73,0
c7cf9e6eca1afba25d80c2c666476b1fafbfd5ac,0
1ae72bfac44abad222ee4d9b4bddb9f7e844af9d,0
2b06cbeae796573cb92ce46ccdba301100e37a44,1
a4ec423e9f5529f50bfbf88f3fbbd5c25fce7973,1
069e2b73c093826d5b73e0c981faeff60d19c4ba,1
51eff9b264ec14a7bacdbe1a21a00dcf341e299d,1
8b5debae591aa6edc20a88e7fff5a4934a13ef3d,0
8f1d1972a635052c230f04039719cec01ecd5c8f,0
64a032a80c861c35eced11be33a2b212e142514e,0
c8cca08a4861ae72de166b5f334c9f887f485a51,0
6350240f8b20054b03756794b6735c048bbc7c0a,0
9ce97f3ddc0b7719e19425d3a4e538e48ffbc40f,1
d7dba96d43a123f6ec05d7be06440c9a579856ca,1
0e349811980a9931c205bbe0a0bd2b91828bb86e,0
380427a601058f65587cd338939996d236b83eed,1
13eaf8dc521cb0c37692b5e2f0bc23426bbf8053,0
87c5c10b9a8a0c7a6efa4b2371e2073bec38ed69,1
bb6e1979aa87a04a3b736be17fe66f26f9b29b95,0
211eb429bf800961a6b96e73fa1c541e8f275757,0
75f0af50658ea2566916ad5b9f2a1cafe50dee76,0
f2b599e0e42a5acf47dfd0ff9471effe618e561c,0
7a93afed47af842deb537c7f353766ee33bd257c,0
0534df53d72cb7d758ac2d9e4989992c87c12d2b,0
2ee265917f45bd920a7f360a98d367efd93eccfc,0
4a5702e0c9d39b9da039884ffe17bcfb38d3a584,0
42321f92b8e46ce79291137f8606561d107f06bd,0
f4b6135fe5cb0809c82632dc4e6029dc39423add,1
06a92cb1558d4145bd57d70941268c8fca7d5997,1
709c7a059305af4d6d7731e080133f65a8d477bb,1
201b08457f5a00773801d58543d685ce06c5d251,1
90fa48ef08fe208666579196454e0c163d87575f,1
9761a2e4112950a0bca2c583834b6dd1bb40d670,0
81845bf60fe7fa8c8598800f4d9097366cef15fd,1
ee6c2ccd01fbecd1fe523937cb8aa10804846d48,0
c4b6ff5857bf5df1c771d687b0fe9ec13d4aa43f,1
8a5c581ea3222203013c7b308e866cf52ebc1024,1
88893660bf73bcf6b8f063463d03c2d17a1f2b6f,1
a6f428dd2075a831fdcd238945b3e337de3b73ab,1
4db6523aec3fda70bd448f259cb9519f329104a6,0
020f05e750b1a5fd9ae61ab66547a1c1f9e18fc4,1
8e395430b4f9dbf009e93410ad9c46a1633a4c04,1
5b263ace773a8b5b5d12f901944e45e7dcc3289b,1
171ebf0b2581939dde53e7ead1cb121a899ec928,1
7c996d7cea7cc9202c4d0e0db1b37fa9ff99d24a,1
5c52179406f0a1f6e245a4c8d835cd88f0a466a5,1
8601ab6010917bff72b28f6d9da540caccd16a2c,1
e6756e8e952b69be7406d22fbb1f3db53a0fa106,1
0a47d6fe9aff52683bf96447cc0c7649fa1ab98e,0
baad4604987012f7847622def3814bdb7c9850d9,1
3020c2203ad78b1910a32b43493c8f32af28282a,1
4125c9a165571a6d21f9da0e31c94570048fef30,0
e06740288460ade56562aa50d2a1f8ee9d299b23,1
fd61d0c085d2b9afa4ea0d51bbdd1371aae3f80e,0
2d89bc58a17f5985c4061c3f174e98714a5679fa,0
3e165ba3b5594600ef2645f20bee794e0aa968ad,0
4ff00bbeffbd8d8e89416f6ce2a7cbab7dd384d5,1
a2ac0b1287d4e554f95e6dc4708e09287a49c840,0
64f53bf37a029c92c1a8013ce321453495ea12a2,1
a6ef5987d168b04d05b7755334dc4b56f0641d01,1
9c0dda50180b20ad7874219e2b5e315cd6cddea3,1
1680b9331bf363622e67109c26030efc8eccc420,0
ab9bd7b1661fbb024640c2b0a61b18b1cdf90f33,1
ad845d11d123bb01b1ae7f3890cc7a32d8a37933,1
f1b9c3b1b29880030e67f30107dac358be9efa0b,0
fe7cb5862747164f96406ec24ea7e6e1eba1be0b,1
0f02f2aded23845ac011ab38b98c4e111f261c04,1
9ea53fc981eb652e5f6df89f626ef3f3fba0a5e7,0
a4d427848abec589ddaeb82a2b4cbe0c064fe496,1
8d59cee3733ee85622b29c99a0452de817e51295,0
efc918cade098c2083e951b4ee7f9ce09e96eea5,1
409afb61059adec74ccb7975704c7d9b92b20cf0,1
21d38ea99c007ac7bda6e607919da0994004badd,0
6f73eceff7b1f8bd3f808c069e58ce636ba67ffc,0
433d3356e0581b1208f1f7f1f57a08fbc3bd012a,1
16ca9519f24c64f3c51206a167c095686e59d20b,1
a4f4357240bab00fa38b5d4136c82dc2dcec7cf3,1
bfadf46ddf10542a165d351755d7098cecf44803,0
c859bf67d3d39da4e1e2df6ee4a7568cf6f25917,0
4eeb359613e484069bb9beadc6506271211fec63,0
ea814660864be6ccdef8bab41c84adb122c77c2e,0
85bc0ef10273e5806c18ab8d3a4e72267f86fec1,1
19cf1855b882db9b1abdabbe43b73b045ab3e2ca,1
9ddddafb0381cb4032b8ce29ae5db43189dff83a,0
d8369cbdec89cd3854fca06fa49bb4de96449b06,0
97fff5187deb3409dbecb2361295d15264de611f,1
03def5f606aaa487cd3476faa70221162abdacdd,1
97777e280c61c9edddf5ee6dcf96cef848b8a93e,1
872a5e82de0b6740f88384de9bee75ed25663943,1
cab7173d7dcd2d4e886e134224d985ff99f87971,1
054f348d4ee51276c1503bdb61a02c780843367d,1
cce9d7bdf20b37716c692dd7fad7948e28bf12ef,1
af73e0ee1ed552ecbe4c0d16a9a776bcc09a15a9,1
b6c7fccde21fcadf0f7825fa18e0aaf5d588cffb,1
1b32d301760e8a6a3eba0814864552eabac52cb8,1
9ef48bca3447070850a298863e66c116a535c2e3,1
4934b7e55bd3c92d763c8d493e742a65fb4f2dcf,1
042c878e0f7b24dc4cda50277f32883370770ff8,1
8cc317a558d16e780a8bef4fd3c2035978c6ef56,1
738c13d94729df654752d873ca6a1c92305f52bc,0
9293e1214bb09d9d1186a823b472667aecd9e6b2,0
a228ba285ef42ce67d6451907efe7c8deb9df6ad,1
068a9d66ab0e9d2a24b04d3db0ec478ba4de1165,0
116b1e708e587a6cd359f8242c74df1698365a42,1
a247f8d713532a65d556d826dec5d456189ff41a,0
778a30536f030129d00e367731437974a94c2c57,1
c8dd5fb6eb96490bacd9eb7e84789d0b239c63e1,0
aeb4ea0865267566b1503930ba1763d284651bfc,1
9a043930b92cb2df124408602d5dc8b83fc3d936,1
be6b7635b2a6af896e710d25505ae9cbf512cda5,1
7003e9389d2857ac9d6a0ae2623dcc5730d67b73,1
858a84751f353f7566b51aae9c3cffe8a6eae270,1
568647293e4a5d2ccff89ade9139403728613ea8,1
f5db717fba1a02cb70ff48929bc99489b5f7367f,0
30cab9e90df292603a60f5bd59f2cde86bab172e,1
0f558e19ba8c40d32cd7ab15e04febf27105b80d,0
b83d8048b0496d744a14afd87b3a6adc7ff0097a,1
e4389fb240b0d0c1c308b1ba7e9938fd4d584017,1
f0d1c48bfba82568a3471e783bdee67393ce94c9,1
60a15aaebd27665f9631418f035715dc55eb6a5b,0
8f4eaa29408c5824d889f10c5b77583ebf1a2ba6,1
f54b9ca5ba2fff32286e276fce06ce02c0991264,1
1b5a77ee9958d1cb20520458827ea41068a7f08b,0
ddcaa7d92fc8d3dbcfe5a10010a1087c2ec2f7ca,0
9676bb606015d6cc8b1d0e29d46b536b60a87f9a,1
23015b517d3c1d1a2a31e50cd17dc2c8549bdbbe,0
f0ccbb2272dcf5c95e2f8aa03860a14cb8bed191,1
be11603c26d2a0b8cfb23a07ceccd27f9606f14d,1
e4860874239b64a59a5d435123ca498dfa911f04,0
346bc5b2d383d70dfccb8fe9102c7f55687f5f52,0
6b62918ec10dad46dead036b083b563e98d0e1fe,1
d6a16a72d9cbed2bafba64aac07c5d5b168042e8,1
8c8c770b1777025b60bda54469effbd519cd93a9,1
fa598c2a4f79210290ad6cc084bccfed83e437ea,1
ab0be0041b2c030e7152f0f991c9f46e7ae00768,1
1d7094024563decb3c00859c4711b732046c1f05,1
7ca6f0a29320961536603f9e4c17570eb14dc7ee,1
95421a538865b70b3eacffd80f5d50139b17f690,1
ed989c978d2192428e5c39f55bbd21ec134b58ed,0
df1225d9626643caff34480ee2e40155f2dcfab2,1
6d14d32b306e2116bf15bc5878a9ad620a065941,1
55ede28d4693bf9703ff7e68a01ff9a445b9da75,1
7694b9af286009aff3fa22b9a4c35530d0f172c9,0
ab999642f7ae64e93cb79607a32b7510784b2472,1
4714d7550b4eeb38f1ba4c79a465175b43833efb,0
7b7c2db601c2c3df1aeedde22295579df63e2e8d,0
ba5163ddbc2f5928ab83275eaa552081cece7b88,1
56aa0d8782cc43d98a2038a9c395d70f3d2abe21,1
f3c304be0ffde9641564d8b68ec1f8dd17af71cd,0
bb2e9714a8a4086ad5875ecec322085de9eee1f1,0
76cd1e1725edb67398b8b19ddf3b288f84ba0a55,0
d084952ca9444c1d8e67834ce45f8b8eb21f27f1,1
526202140870b9b9c35088bd06ee181194abf9d0,0
fa872dc604cc83f48189615220dd690d8cc2cdcd,0
39dcb430620431e73b4ad3796bd33b291e24fcc5,1
833c309c36c57ec2389cf137890ea50ea59e19c0,0
d8cc55e372c39b34dcfb665e66ea9c0b51588394,0
adb27298482ecc2623aa1fb27c6a9b484d9e51d0,0
cdf6448bcd4dccfec05bc67fc7bc316951898d4e,1
a6cccfb723c6461565de7336a10aeb6e5b0c86e8,0
93c0cd8cda1dac33ed1055c4d3c95daec9b6ce2c,1
dfdb45dd18a782e2d704df164e170d9de392f648,0
d9078d39a789e71e4383c4135752e71d71c30f64,0
23ef71cd1935a15505fb647359c1ddc688b4cdc8,0
93c4a4f7963b529bccb20e631cdcee3ee5d19ec6,0
5edbe1c32423c513994603e37dc32fa6cfe1c270,1
a277ab43638c80c4341564be712c2e99b285fdc4,0
4aa1679fcf5ff41e6dd108cabdd1583b654c7bdc,1
021d2287ff07a5547a574b41d32997e40d0130da,1
98888613393e15b3737c95db84555bfcd46720ea,1
38ecbde4b9e2c158e5937400faa36a74126a2779,1
ff4b9718787291e7bfbcda1398268f39c9e8a8b4,0
d4d598cc78ae26d8035059c38c3ef174c97afdec,1
79a60a47a70f03392a886b43389afcab0bd22501,0
f6914bd49fd4e0e01903ef6a252f638786242ae4,0
cd5fb05a0f201bfc4d4129f4e0a923e7cdf3cb32,0
a180e72b3ce2852c3c80cc5f73b5203ce3280db9,0
1ff002fc76ed4add585b5eea3580f9c0c5ca3dbd,0
9ebc11405274d3276e4d164665ab8e684aaada3a,0
3b60e7a9f4b5ee7c8e73acbd9c8dee64200cd766,1
e8c5d61963d3e5fd9a8bd43c0330872fc60a06df,0
2486d67cccceec3663854f4aef51350c22042692,1
baacd649b9f58119b8dc6d73d3129ad91c7b70e0,0
5f283c5e4c52d34ed26a02ad989319acf22c59b5,1
d7ce1bcd6eb3547f957a52613c5b72158e1cf354,0
764528409b40934f79f98667ccd5878449034637,1
c3dfb3e4095bc45514a45c1cee1bb09605756daa,1
61cc01fc09d34b51d4730e0cff29ddabb60272c0,1
5f284cb4506e9d39849025da49cbc0df647ac9fd,0
4f902904b2eabd76ff3f978e08bba20639d9eb67,1
c516317c7812dd32e5229b44f1d194135e58f045,0
0bc84e817e46929c26a1c7d1bedb3318445ee6a6,1
3710f1062ec848da904442e2c2a7e4102643ce16,0
e341f84ec98f4f9b56e9706b4ec1549633aabe37,0
8195b459834303b3a133ad78abeab3758d2638b7,1
17a4639ea2bcb6d237e141bc09344ab43fe54ed2,1
d20d7a43665f69ff2c289ba7f0a4a7f641c50036,1
842451117a9e057fd8cde12288735351b2379f5e,0
9c32b9b0a7dcd06c2591f88ad957cd4ef1d1cbf7,0
ceafe755f95ae9b2eddbe0649437401a1d0744d3,0
36462aa4bb36140d96a252bd2ea6692ba9b2831e,1
bc603b207a9a2bd4f08c7121d694df805ebed79d,1
9fd53f1202f02825db725cfc68300703aa854915,0
abff15ebbc4368ae31b9cc22f49312c5dcf643e3,1
4c742e40b39d5029cabad1772bc892112eabfad9,0
044fa776babfff8efa697a7cdbbbefe166a6eb7a,1
84ac8a61920ddbc5f5bd6a1d8eb63186505ddc84,1
8da09575f16d7ef56bc38e4d3eb2250cf2b762c7,0
84d8f3f3f8a86f99f1483cb5bc2821f9df02833a,1
351a3443fe5b103974209cf4993ae1ee185be576,0
43b6acadb31161c9281460efa3fad0b992a92837,0
274ea4ae94295f8af5413c54f8b19a51de2fd48f,1
0066c329c4e019ffb2af34f732371c6802d25711,1
38277151862870436fcb4c0b592327c291d411b0,1
1b63c9c8a0208a7ab441740d59b8f4408237ac04,0
34e28f05329f9721bce51ce10d9ebc1d9f0a5e5a,0
1ddc07ec521c25c171270e402f0753b453e07460,0
f1adf3c5634b0ffe88cd831761f34d6b6d8980d4,1
98ac50cc0fc5632fc42696be2b3bd182cfd89a24,1
a4621702744371f7d382e5aca92e6547c7d13948,0
87b7d34a1f751da5ef88f636f29cdc588324d9fc,0
74405e27a28de7c49b7cee46f4a58399c22e4734,0
27b2786109b83f50e54a1c116ed8ab60bbf52b2d,0
39572f5868eef0d1057ad52d89fdd61b272dec74,0
5512638cef40b39e16962bba414bf94afa3f4208,1
602c7aa6dc60574062cf86f1a06253e0e686a5c4,1
8965f16dd705a8a430813378f32673e6ea0ae61f,0
9ec4fe5a7c21d52c4f22ce5569d71e1fcd6e7a66,1
16a40941e12a02dc22b44ef8dcb7a2b31eacf0be,0
a4d3ee9a748a9b4ac142abca575ef045e495ff31,0
acb95fdfe0821764332629f43383eba3bf8588e2,0
4ce086ca625e5413ece85b45608417d4c69179e3,1
6e5c44d899cf76a6a229fa65707ce07950ef2cda,0
8cfe78541070ff0536c4671d728cc299cf8341a7,0
6caa471f5f167ab21d7cf159e356ffa66efc2a70,0
de8017267c226a2deb76cb57b7591e3ea22e7abf,1
1dff13fcfe1fad7b27db97d6dd51f947806f1579,1
47f7f480aaa0d2dad2f6a35d9e7b900713f9cebc,1
83fab88724f962dc9fc34ec03fd483bf281e85d2,1
2ce167a174a6786ce0259159c55e75b98f3d1672,0
5aba8f13cea34bdf25a407f5e99187b92c2a8b73,1
c7160b615fc6b9527d61232f566a57492dc52489,1
aed0fcd7149b3700c424a06edcfe392824d38919,1
b0fafacb614a39c8c89d8ce6c377f3b487bff4f3,0
221723ad99f7ab2c9ef6738c3d52e9afc0b07efb,1
a806c620c18109c6aacd4ae57330c6898d8e6cfd,1
1c13478785386f3217e3512bc49859250bd6aee7,1
4becc2d6033d7ccec0c0b3a0e9df00b444035d35,1
67faf97efdaccefda0ecfa764b8a671cca594979,0
e576b77fa21e6b24c13599ad75edc89c300228f0,1
69d507b66cc3a6008af2517f588f65e25bb5895d,1
46d696a56d58caab2a0759aa8663d70ecd08d2ee,0
a98b0a4b7d5017100ef140a58b464c9fc704d08e,1
1518aca9802085bafbafd610dfa6af563a395df9,1
899237ffc0a786f40efc7db6329c59c978fcbb60,0
1b1bda499f5982679136bd7905bf032d9961141f,0
2633a700c22dc0ce4d81e4ba94e3b428f9231c10,1
a40788176622ac12b998cc8922f0caae7d2a54ae,1
ab4125fff0aa4a8f6ec1624e57c87b69c8c7feaa,1
8a908c70d3691f94e7c4b59f8cc6ff0a57557e49,0
b217de010ddf605b0f4861ab4b7b59d5fb28e3e7,0
a5a3d193514f6a880cfcb848b9e1c2f206e44cb9,0
e48cc97be16be04bc8effbf28df4439a1483a4f5,0
6a16ee546f5e648051d15bc47c948ce1e6e4130d,0
65b031b428d2a1ec2268d3b04c143be6b9e07079,0
f34d622e5373d32047315bc250297b0080a97dd8,1
e14c84b8f03424b89f9fd7cdfa4d3d5fef1ebe87,0
ced3ed11bf9d4aae333ed5ad9d94a75f32ad653c,0
9a6cf130600eaeaf61f2845a53a3774f5ae3d3b5,1
23b4a11bbb251b5f72090923699d4da5ee411480,0
6253842003dc3b8ef583a506530994dd997052bf,0
ba16af9102f69ff0294069b7415691bba9acb327,0
5a79e734d2bbe9b33ca5426ec37bfebffac85fd1,1
e4990fba6c855beb5d5e997f55d93fd9dab5e216,0
90ad68de9b2a8e04a53c51488eb9f335c3ec490d,1
63d573fc492e4c316b4dac6c38bc8d056b50dfe4,0
224b1e06a953d226cd412e2389b03dcda2d8ee70,1
2104b002c12a72429fe25e20078481f92e227a3c,1
033d67c682e72ad44245c7516afdc4803e7492ac,0
9a97efbeced145df92d8eb5631bc93d2c2be499b,0
991ebcc98ab89ab321589081644985304d90d122,0
f2eb26aa50d2346243abfa256fdd4a1d88c24397,0
4d408068b74a3f2edd102cb1851481c10eabeb30,0
d372505f3e994fce916f9b0dca7b95bdae7ec5b4,0
d93f7eb3e885f1e8dd8dcf86ea86e6a7af5bacc1,0
f04f4bf04a0e91b4f32395c5fcde81014d06baf6,0
d5b979de06d984937bfae7fac9d8d16783d035c5,1
a07cf67092f1b982ab7da7d9544c9b158556cd62,0
f6efc975c32acb14113803b2735d35ebbe0ca1ef,1
1792c044d835fb7b97294e7eeba2ce53664d2302,0
44992243ff59c457c4ef040c0afee78a07dcbcb4,0
319bffb5e9476414bfa8550a8b8ddf9cf1dc853a,0
d8b5b1c1981cd88dfcdcfc797609ef5c5a96f06f,1
6133f8cfcb47285894f192cad6928b960198a155,0
9cc464f1972e24e51fc0ae85d160f94077005f4e,0
